yearID,awardID,teamID,teamName,lgID,divID,playerName
2023,Most Valuable Player,ATL,Atlanta Braves,NL,E,Ronald Acuna
2023,Most Valuable Player,LAA,Los Angeles Angels of Anaheim,AL,W,Shohei Ohtani
2022,Most Valuable Player,NYA,New York Yankees,AL,E,Aaron Judge
2022,Most Valuable Player,SLN,St. Louis Cardinals,NL,C,Paul Goldschmidt
2020,Pitching Triple Crown,CLE,Cleveland Indians,AL,C,Shane Bieber
2023,Platinum Glove,CLE,Cleveland Guardians,AL,C,Andres Gimenez
2023,Platinum Glove,SDN,San Diego Padres,NL,W,Fernando Tatis
2022,Platinum Glove,NYA,New York Yankees,AL,E,Jose Trevino
2022,Platinum Glove,SLN,St. Louis Cardinals,NL,C,Nolan Arenado
2021,Silver Slugger,ATL,Atlanta Braves,NL,E,Max Fried
2021,Platinum Glove,HOU,Houston Astros,AL,W,Carlos Correa
2021,Platinum Glove,SLN,St. Louis Cardinals,NL,C,Nolan Arenado
2020,Platinum Glove,KCA,Kansas City Royals,AL,C,Alex Gordon
2020,Platinum Glove,COL,Colorado Rockies,NL,W,Nolan Arenado
2019,Platinum Glove,OAK,Oakland Athletics,AL,W,Matt Chapman
2019,Platinum Glove,COL,Colorado Rockies,NL,W,Nolan Arenado
2018,Platinum Glove,OAK,Oakland Athletics,AL,W,Matt Chapman
2018,Platinum Glove,COL,Colorado Rockies,NL,W,Nolan Arenado
2017,Platinum Glove,MIN,Minnesota Twins,AL,C,Byron Buxton
2017,Platinum Glove,COL,Colorado Rockies,NL,W,Nolan Arenado
2016,Platinum Glove,CHN,Chicago Cubs,NL,C,Anthony Rizzo
2016,Platinum Glove,CLE,Cleveland Indians,AL,C,Francisco Lindor
2015,Platinum Glove,TBA,Tampa Bay Rays,AL,E,Kevin Kiermaier
2015,Platinum Glove,SLN,St. Louis Cardinals,NL,C,Yadier Molina
2014,Platinum Glove,KCA,Kansas City Royals,AL,C,Alex Gordon
2014,Platinum Glove,SLN,St. Louis Cardinals,NL,C,Yadier Molina
2013,Platinum Glove,ATL,Atlanta Braves,NL,E,Andrelton Simmons
2013,Platinum Glove,BAL,Baltimore Orioles,AL,E,Manny Machado
2012,Platinum Glove,TEX,Texas Rangers,AL,W,Adrian Beltre
2012,Platinum Glove,SLN,St. Louis Cardinals,NL,C,Yadier Molina
2011,Platinum Glove,TEX,Texas Rangers,AL,W,Adrian Beltre
2011,Platinum Glove,SLN,St. Louis Cardinals,NL,C,Yadier Molina
2023,Rookie of the Year,ARI,Arizona Diamondbacks,NL,W,Corbin Carroll
2023,Rookie of the Year,BAL,Baltimore Orioles,AL,E,Gunnar Henderson
2022,Rookie of the Year,SEA,Seattle Mariners,AL,W,Julio Rodriguez
2022,Rookie of the Year,ATL,Atlanta Braves,NL,E,Michael Harris
2023,Silver Slugger,TBA,Tampa Bay Rays,AL,E,Yandy Diaz
2023,Silver Slugger,ATL,Atlanta Braves,NL,E,Matt Olson
2023,Silver Slugger,MIA,Miami Marlins,NL,E,Luis Arraez
2023,Silver Slugger,TEX,Texas Rangers,AL,W,Marcus Semien
2023,Silver Slugger,BOS,Boston Red Sox,AL,E,Rafael Devers
2023,Silver Slugger,ATL,Atlanta Braves,NL,E,Austin Riley
2023,Silver Slugger,MIL,Milwaukee Brewers,NL,C,William Contreras
2023,Silver Slugger,BAL,Baltimore Orioles,AL,E,Adley Rutschman
2023,Silver Slugger,PHI,Philadelphia Phillies,NL,E,Bryce Harper
2023,Silver Slugger,LAA,Los Angeles Angels of Anaheim,AL,W,Shohei Ohtani
2023,Silver Slugger,ATL,Atlanta Braves,NL,E,Ronald Acuna
2023,Silver Slugger,LAN,Los Angeles Dodgers,NL,W,Mookie Betts
2023,Silver Slugger,CHA,Chicago White Sox,AL,C,Luis Robert
2023,Silver Slugger,SEA,Seattle Mariners,AL,W,Julio Rodriguez
2023,Silver Slugger,SDN,San Diego Padres,NL,W,Juan Soto
2023,Silver Slugger,HOU,Houston Astros,AL,W,Kyle Tucker
2023,Silver Slugger,NYN,New York Mets,NL,E,Francisco Lindor
2023,Silver Slugger,TEX,Texas Rangers,AL,W,Corey Seager
2023,Silver Slugger,CHN,Chicago Cubs,NL,C,Cody Bellinger
2023,Silver Slugger,BAL,Baltimore Orioles,AL,E,Gunnar Henderson
2022,Silver Slugger,SLN,St. Louis Cardinals,NL,C,Paul Goldschmidt
2022,Silver Slugger,TEX,Texas Rangers,AL,W,Nathaniel Lowe
2022,Silver Slugger,HOU,Houston Astros,AL,W,Jose Altuve
2022,Silver Slugger,NYN,New York Mets,NL,E,Jeff McNeil
2022,Silver Slugger,SLN,St. Louis Cardinals,NL,C,Nolan Arenado
2022,Silver Slugger,CLE,Cleveland Guardians,AL,C,Jose Ramirez
2022,Silver Slugger,TOR,Toronto Blue Jays,AL,E,Alejandro Kirk
2022,Silver Slugger,PHI,Philadelphia Phillies,NL,E,J. T. Realmuto
2022,Silver Slugger,HOU,Houston Astros,AL,W,Yordan Alvarez
2022,Silver Slugger,SDN,San Diego Padres,NL,W,Josh Bell
2022,Silver Slugger,WAS,Washington Nationals,NL,E,Josh Bell
2022,Silver Slugger,LAN,Los Angeles Dodgers,NL,W,Mookie Betts
2022,Silver Slugger,NYA,New York Yankees,AL,E,Aaron Judge
2022,Silver Slugger,SEA,Seattle Mariners,AL,W,Julio Rodriguez
2022,Silver Slugger,PHI,Philadelphia Phillies,NL,E,Kyle Schwarber
2022,Silver Slugger,SDN,San Diego Padres,NL,W,Juan Soto
2022,Silver Slugger,WAS,Washington Nationals,NL,E,Juan Soto
2022,Silver Slugger,LAA,Los Angeles Angels of Anaheim,AL,W,Mike Trout
2022,Silver Slugger,BOS,Boston Red Sox,AL,E,Xander Bogaerts
2022,Silver Slugger,LAN,Los Angeles Dodgers,NL,W,Trea Turner
2022,Silver Slugger,MIN,Minnesota Twins,AL,C,Luis Arraez
2022,Silver Slugger,CIN,Cincinnati Reds,NL,C,Brandon Drury
2022,Silver Slugger,SDN,San Diego Padres,NL,W,Brandon Drury
2020,Gold Glove,TEX,Texas Rangers,AL,W,Isiah Kiner-Falefa
2020,Gold Glove,SEA,Seattle Mariners,AL,W,J. P. Crawford
2020,Gold Glove,CHA,Chicago White Sox,AL,C,Luis Robert
2020,Gold Glove,KCA,Kansas City Royals,AL,C,Alex Gordon
2020,Gold Glove,TEX,Texas Rangers,AL,W,Joey Gallo
2020,Gold Glove,LAA,Los Angeles Angels of Anaheim,AL,W,Griffin Canning
2020,Gold Glove,CIN,Cincinnati Reds,NL,C,Tucker Barnhart
2020,Gold Glove,CHN,Chicago Cubs,NL,C,Anthony Rizzo
2020,Gold Glove,SLN,St. Louis Cardinals,NL,C,Kolten Wong
2020,Gold Glove,COL,Colorado Rockies,NL,W,Nolan Arenado
2020,Gold Glove,CHN,Chicago Cubs,NL,C,Javier Baez
2020,Gold Glove,SLN,St. Louis Cardinals,NL,C,Tyler O'Neill
2020,Gold Glove,SDN,San Diego Padres,NL,W,Trent Grisham
2020,Gold Glove,LAN,Los Angeles Dodgers,NL,W,Mookie Betts
2020,Gold Glove,ATL,Atlanta Braves,NL,E,Max Fried
2023,Cy Young Award,SDN,San Diego Padres,NL,W,Blake Snell
2023,Cy Young Award,NYA,New York Yankees,AL,E,Gerrit Cole
2022,Cy Young Award,HOU,Houston Astros,AL,W,Justin Verlander
2022,Cy Young Award,MIA,Miami Marlins,NL,E,Sandy Alcantara
2023,Gold Glove,TEX,Texas Rangers,AL,W,Nathaniel Lowe
2023,Gold Glove,ARI,Arizona Diamondbacks,NL,W,Christian Walker
2023,Gold Glove,CLE,Cleveland Guardians,AL,C,Andres Gimenez
2023,Gold Glove,CHN,Chicago Cubs,NL,C,Nico Hoerner
2023,Gold Glove,TOR,Toronto Blue Jays,AL,E,Matt Chapman
2023,Gold Glove,PIT,Pittsburgh Pirates,NL,C,Ke'Bryan Hayes
2023,Gold Glove,TEX,Texas Rangers,AL,W,Jonah Heim
2023,Gold Glove,ARI,Arizona Diamondbacks,NL,W,Gabriel Moreno
2023,Gold Glove,COL,Colorado Rockies,NL,W,Brenton Doyle
2023,Gold Glove,TEX,Texas Rangers,AL,W,Adolis Garcia
2023,Gold Glove,CHN,Chicago Cubs,NL,C,Ian Happ
2023,Gold Glove,TOR,Toronto Blue Jays,AL,E,Kevin Kiermaier
2023,Gold Glove,CLE,Cleveland Guardians,AL,C,Steven Kwan
2023,Gold Glove,SDN,San Diego Padres,NL,W,Fernando Tatis
2023,Gold Glove,TOR,Toronto Blue Jays,AL,E,Jose Berrios
2023,Gold Glove,PHI,Philadelphia Phillies,NL,E,Zack Wheeler
2023,Gold Glove,CHN,Chicago Cubs,NL,C,Dansby Swanson
2023,Gold Glove,NYA,New York Yankees,AL,E,Anthony Volpe
2023,Gold Glove,HOU,Houston Astros,AL,W,Mauricio Dubon
2023,Gold Glove,SDN,San Diego Padres,NL,W,Ha-Seong Kim
2022,Gold Glove,TOR,Toronto Blue Jays,AL,E,Vladimir Guerrero
2022,Gold Glove,ARI,Arizona Diamondbacks,NL,W,Christian Walker
2022,Gold Glove,CLE,Cleveland Guardians,AL,C,Andres Gimenez
2022,Gold Glove,COL,Colorado Rockies,NL,W,Brendan Rodgers
2022,Gold Glove,SLN,St. Louis Cardinals,NL,C,Nolan Arenado
2022,Gold Glove,BAL,Baltimore Orioles,AL,E,Ramon Urias
2022,Gold Glove,PHI,Philadelphia Phillies,NL,E,J. T. Realmuto
2022,Gold Glove,NYA,New York Yankees,AL,E,Jose Trevino
2022,Gold Glove,LAN,Los Angeles Dodgers,NL,W,Mookie Betts
2022,Gold Glove,SDN,San Diego Padres,NL,W,Trent Grisham
2022,Gold Glove,CHN,Chicago Cubs,NL,C,Ian Happ
2022,Gold Glove,CLE,Cleveland Guardians,AL,C,Steven Kwan
2022,Gold Glove,CLE,Cleveland Guardians,AL,C,Myles Straw
2022,Gold Glove,HOU,Houston Astros,AL,W,Kyle Tucker
2022,Gold Glove,CLE,Cleveland Guardians,AL,C,Shane Bieber
2022,Gold Glove,ATL,Atlanta Braves,NL,E,Max Fried
2022,Gold Glove,HOU,Houston Astros,AL,W,Jeremy Pena
2022,Gold Glove,ATL,Atlanta Braves,NL,E,Dansby Swanson
2022,Gold Glove,SLN,St. Louis Cardinals,NL,C,Brendan Donovan
2022,Gold Glove,NYA,New York Yankees,AL,E,DJ LeMahieu
2018,Gold Glove,ATL,Atlanta Braves,NL,E,Freddie Freeman
2019,Most Valuable Player,LAA,Los Angeles Angels of Anaheim,AL,W,Mike Trout
2019,Most Valuable Player,LAN,Los Angeles Dodgers,NL,W,Cody Bellinger
2019,Cy Young Award,HOU,Houston Astros,AL,W,Justin Verlander
2019,Cy Young Award,NYN,New York Mets,NL,E,Jacob deGrom
2019,Rookie of the Year,HOU,Houston Astros,AL,W,Yordan Alvarez
2019,Rookie of the Year,NYN,New York Mets,NL,E,Pete Alonso
2019,Silver Slugger,MIN,Minnesota Twins,AL,C,Mitch Garver
2020,Silver Slugger,ATL,Atlanta Braves,NL,E,Marcell Ozuna
2021,Most Valuable Player,LAA,Los Angeles Angels of Anaheim,AL,W,Shohei Ohtani
2021,Most Valuable Player,PHI,Philadelphia Phillies,NL,E,Bryce Harper
2021,Cy Young Award,TOR,Toronto Blue Jays,AL,E,Robbie Ray
2021,Cy Young Award,MIL,Milwaukee Brewers,NL,C,Corbin Burnes
2021,Rookie of the Year,TBA,Tampa Bay Rays,AL,E,Randy Arozarena
2021,Rookie of the Year,CIN,Cincinnati Reds,NL,C,Jonathan India
2021,Silver Slugger,KCA,Kansas City Royals,AL,C,Salvador Perez
2021,Silver Slugger,TOR,Toronto Blue Jays,AL,E,Vladimir Guerrero
2021,Silver Slugger,TOR,Toronto Blue Jays,AL,E,Marcus Semien
2021,Silver Slugger,BOS,Boston Red Sox,AL,E,Rafael Devers
2021,Silver Slugger,BAL,Baltimore Orioles,AL,E,Cedric Mullins
2021,Silver Slugger,NYA,New York Yankees,AL,E,Aaron Judge
2021,Silver Slugger,TOR,Toronto Blue Jays,AL,E,Teoscar Hernandez
2021,Silver Slugger,LAA,Los Angeles Angels of Anaheim,AL,W,Shohei Ohtani
2021,Silver Slugger,SFN,San Francisco Giants,NL,W,Buster Posey
2021,Silver Slugger,ATL,Atlanta Braves,NL,E,Freddie Freeman
2021,Silver Slugger,ATL,Atlanta Braves,NL,E,Ozzie Albies
2021,Silver Slugger,ATL,Atlanta Braves,NL,E,Austin Riley
2021,Silver Slugger,SDN,San Diego Padres,NL,W,Fernando Tatis
2021,Silver Slugger,PHI,Philadelphia Phillies,NL,E,Bryce Harper
2021,Silver Slugger,CIN,Cincinnati Reds,NL,C,Nick Castellanos
2021,Silver Slugger,WAS,Washington Nationals,NL,E,Juan Soto
2021,Gold Glove,OAK,Oakland Athletics,AL,W,Sean Murphy
2021,Gold Glove,HOU,Houston Astros,AL,W,Yuli Gurriel
2021,Gold Glove,TOR,Toronto Blue Jays,AL,E,Marcus Semien
2021,Gold Glove,OAK,Oakland Athletics,AL,W,Matt Chapman
2021,Gold Glove,HOU,Houston Astros,AL,W,Carlos Correa
2021,Gold Glove,KCA,Kansas City Royals,AL,C,Michael Taylor
2021,Gold Glove,NYA,New York Yankees,AL,E,Joey Gallo
2021,Gold Glove,TEX,Texas Rangers,AL,W,Joey Gallo
2021,Gold Glove,KCA,Kansas City Royals,AL,C,Andrew Benintendi
2021,Gold Glove,CHA,Chicago White Sox,AL,C,Dallas Keuchel
2021,Gold Glove,PIT,Pittsburgh Pirates,NL,C,Jacob Stallings
2021,Gold Glove,SLN,St. Louis Cardinals,NL,C,Paul Goldschmidt
2021,Gold Glove,SLN,St. Louis Cardinals,NL,C,Tommy Edman
2021,Gold Glove,SLN,St. Louis Cardinals,NL,C,Nolan Arenado
2021,Gold Glove,SFN,San Francisco Giants,NL,W,Brandon Crawford
2021,Gold Glove,SLN,St. Louis Cardinals,NL,C,Tyler O'Neill
2021,Gold Glove,ATL,Atlanta Braves,NL,E,Adam Duvall
2021,Gold Glove,MIA,Miami Marlins,NL,E,Adam Duvall
2021,Gold Glove,SLN,St. Louis Cardinals,NL,C,Harrison Bader
2021,Gold Glove,ATL,Atlanta Braves,NL,E,Max Fried
2017,Gold Glove,MIA,Miami Marlins,NL,E,Marcell Ozuna
2017,Gold Glove,ATL,Atlanta Braves,NL,E,Ender Inciarte
2017,Gold Glove,CHN,Chicago Cubs,NL,C,Jason Heyward
2017,Gold Glove,ARI,Arizona Diamondbacks,NL,W,Zack Greinke
2019,Silver Slugger,CLE,Cleveland Indians,AL,C,Carlos Santana
2019,Silver Slugger,NYA,New York Yankees,AL,E,DJ LeMahieu
2019,Silver Slugger,HOU,Houston Astros,AL,W,Alex Bregman
2019,Silver Slugger,HOU,Houston Astros,AL,W,George Springer
2019,Silver Slugger,LAA,Los Angeles Angels of Anaheim,AL,W,Mike Trout
2019,Silver Slugger,BOS,Boston Red Sox,AL,E,Mookie Betts
2019,Silver Slugger,MIN,Minnesota Twins,AL,C,Nelson Cruz
2019,Silver Slugger,PHI,Philadelphia Phillies,NL,E,J. T. Realmuto
2019,Silver Slugger,ATL,Atlanta Braves,NL,E,Freddie Freeman
2019,Silver Slugger,ATL,Atlanta Braves,NL,E,Ozzie Albies
2019,Silver Slugger,WAS,Washington Nationals,NL,E,Anthony Rendon
2019,Silver Slugger,COL,Colorado Rockies,NL,W,Trevor Story
2019,Silver Slugger,ATL,Atlanta Braves,NL,E,Ronald Acuna
2019,Silver Slugger,MIL,Milwaukee Brewers,NL,C,Christian Yelich
2019,Silver Slugger,LAN,Los Angeles Dodgers,NL,W,Cody Bellinger
2019,Silver Slugger,ARI,Arizona Diamondbacks,NL,W,Zack Greinke
2019,Silver Slugger,ARI,Arizona Diamondbacks,NL,W,Zack Greinke
2019,Silver Slugger,HOU,Houston Astros,AL,W,Zack Greinke
2019,Silver Slugger,HOU,Houston Astros,AL,W,Zack Greinke
2019,Gold Glove,CLE,Cleveland Indians,AL,C,Roberto Perez
2019,Gold Glove,OAK,Oakland Athletics,AL,W,Matt Olson
2019,Gold Glove,CHA,Chicago White Sox,AL,C,Carlos Sanchez
2019,Gold Glove,OAK,Oakland Athletics,AL,W,Matt Chapman
2019,Gold Glove,CLE,Cleveland Indians,AL,C,Francisco Lindor
2019,Gold Glove,KCA,Kansas City Royals,AL,C,Alex Gordon
2019,Gold Glove,TBA,Tampa Bay Rays,AL,E,Kevin Kiermaier
2019,Gold Glove,BOS,Boston Red Sox,AL,E,Mookie Betts
2019,Gold Glove,ARI,Arizona Diamondbacks,NL,W,Mike Leake
2019,Gold Glove,ARI,Arizona Diamondbacks,NL,W,Mike Leake
2019,Gold Glove,SEA,Seattle Mariners,AL,W,Mike Leake
2019,Gold Glove,SEA,Seattle Mariners,AL,W,Mike Leake
2019,Gold Glove,PHI,Philadelphia Phillies,NL,E,J. T. Realmuto
2019,Gold Glove,CHN,Chicago Cubs,NL,C,Anthony Rizzo
2019,Gold Glove,SLN,St. Louis Cardinals,NL,C,Kolten Wong
2019,Gold Glove,COL,Colorado Rockies,NL,W,Nolan Arenado
2019,Gold Glove,ARI,Arizona Diamondbacks,NL,W,Nick Ahmed
2019,Gold Glove,MIL,Milwaukee Brewers,NL,C,Lorenzo Cain
2019,Gold Glove,LAN,Los Angeles Dodgers,NL,W,Cody Bellinger
2019,Gold Glove,ARI,Arizona Diamondbacks,NL,W,David Peralta
2019,Gold Glove,ARI,Arizona Diamondbacks,NL,W,Zack Greinke
2019,Gold Glove,ARI,Arizona Diamondbacks,NL,W,Zack Greinke
2019,Gold Glove,HOU,Houston Astros,AL,W,Zack Greinke
2019,Gold Glove,HOU,Houston Astros,AL,W,Zack Greinke
2020,Most Valuable Player,CHA,Chicago White Sox,AL,C,Jose Abreu
2020,Most Valuable Player,ATL,Atlanta Braves,NL,E,Freddie Freeman
2020,Cy Young Award,CLE,Cleveland Indians,AL,C,Shane Bieber
2020,Cy Young Award,CIN,Cincinnati Reds,NL,C,Trevor Bauer
2020,Rookie of the Year,SEA,Seattle Mariners,AL,W,Kyle Lewis
2020,Rookie of the Year,MIL,Milwaukee Brewers,NL,C,Devin Williams
2020,Silver Slugger,KCA,Kansas City Royals,AL,C,Salvador Perez
2020,Silver Slugger,CHA,Chicago White Sox,AL,C,Jose Abreu
2020,Silver Slugger,NYA,New York Yankees,AL,E,DJ LeMahieu
2020,Silver Slugger,CLE,Cleveland Indians,AL,C,Jose Ramirez
2020,Silver Slugger,CHA,Chicago White Sox,AL,C,Eloy Jimenez
2020,Silver Slugger,TOR,Toronto Blue Jays,AL,E,Teoscar Hernandez
2020,Silver Slugger,LAA,Los Angeles Angels of Anaheim,AL,W,Mike Trout
2020,Silver Slugger,MIN,Minnesota Twins,AL,C,Nelson Cruz
2020,Silver Slugger,ATL,Atlanta Braves,NL,E,Travis d'Arnaud
2020,Silver Slugger,ATL,Atlanta Braves,NL,E,Freddie Freeman
2020,Silver Slugger,SFN,San Francisco Giants,NL,W,Donovan Solano
2020,Silver Slugger,SDN,San Diego Padres,NL,W,Manny Machado
2020,Silver Slugger,SDN,San Diego Padres,NL,W,Fernando Tatis
2020,Silver Slugger,WAS,Washington Nationals,NL,E,Juan Soto
2020,Silver Slugger,LAN,Los Angeles Dodgers,NL,W,Mookie Betts
2020,Silver Slugger,ATL,Atlanta Braves,NL,E,Ronald Acuna
2020,Gold Glove,CLE,Cleveland Indians,AL,C,Roberto Perez
2020,Gold Glove,SEA,Seattle Mariners,AL,W,Evan White
2020,Gold Glove,CLE,Cleveland Indians,AL,C,Cesar Hernandez
2018,Most Valuable Player,BOS,Boston Red Sox,AL,E,Mookie Betts
2018,Most Valuable Player,MIL,Milwaukee Brewers,NL,C,Christian Yelich
2018,Cy Young Award,TBA,Tampa Bay Rays,AL,E,Blake Snell
2018,Cy Young Award,NYN,New York Mets,NL,E,Jacob deGrom
2018,Rookie of the Year,LAA,Los Angeles Angels of Anaheim,AL,W,Shohei Ohtani
2018,Rookie of the Year,ATL,Atlanta Braves,NL,E,Ronald Acuna
2018,Silver Slugger,KCA,Kansas City Royals,AL,C,Salvador Perez
2018,Silver Slugger,CHA,Chicago White Sox,AL,C,Jose Abreu
2018,Silver Slugger,HOU,Houston Astros,AL,W,Jose Altuve
2018,Silver Slugger,CLE,Cleveland Indians,AL,C,Jose Ramirez
2018,Silver Slugger,BOS,Boston Red Sox,AL,E,J. D. Martinez
2018,Silver Slugger,LAA,Los Angeles Angels of Anaheim,AL,W,Mike Trout
2018,Silver Slugger,BOS,Boston Red Sox,AL,E,Mookie Betts
2018,Silver Slugger,BOS,Boston Red Sox,AL,E,J. D. Martinez
2018,Silver Slugger,MIA,Miami Marlins,NL,E,J. T. Realmuto
2018,Silver Slugger,ARI,Arizona Diamondbacks,NL,W,Paul Goldschmidt
2018,Silver Slugger,CHN,Chicago Cubs,NL,C,Javier Baez
2018,Silver Slugger,COL,Colorado Rockies,NL,W,Nolan Arenado
2018,Silver Slugger,COL,Colorado Rockies,NL,W,Trevor Story
2018,Silver Slugger,ATL,Atlanta Braves,NL,E,Nick Markakis
2018,Silver Slugger,ARI,Arizona Diamondbacks,NL,W,David Peralta
2018,Silver Slugger,MIL,Milwaukee Brewers,NL,C,Christian Yelich
2018,Silver Slugger,COL,Colorado Rockies,NL,W,German Marquez
2018,Gold Glove,KCA,Kansas City Royals,AL,C,Salvador Perez
2018,Gold Glove,OAK,Oakland Athletics,AL,W,Matt Olson
2018,Gold Glove,BOS,Boston Red Sox,AL,E,Ian Kinsler
2018,Gold Glove,LAA,Los Angeles Angels of Anaheim,AL,W,Ian Kinsler
2018,Gold Glove,OAK,Oakland Athletics,AL,W,Matt Chapman
2018,Gold Glove,LAA,Los Angeles Angels of Anaheim,AL,W,Andrelton Simmons
2018,Gold Glove,KCA,Kansas City Royals,AL,C,Alex Gordon
2018,Gold Glove,BOS,Boston Red Sox,AL,E,Jackie Bradley
2018,Gold Glove,BOS,Boston Red Sox,AL,E,Mookie Betts
2018,Gold Glove,HOU,Houston Astros,AL,W,Dallas Keuchel
2018,Gold Glove,SLN,St. Louis Cardinals,NL,C,Yadier Molina
2018,Gold Glove,CHN,Chicago Cubs,NL,C,Anthony Rizzo
2018,Gold Glove,COL,Colorado Rockies,NL,W,DJ LeMahieu
2018,Gold Glove,COL,Colorado Rockies,NL,W,Nolan Arenado
2018,Gold Glove,ARI,Arizona Diamondbacks,NL,W,Nick Ahmed
2018,Gold Glove,PIT,Pittsburgh Pirates,NL,C,Corey Dickerson
2018,Gold Glove,ATL,Atlanta Braves,NL,E,Ender Inciarte
2018,Gold Glove,ATL,Atlanta Braves,NL,E,Nick Markakis
2018,Gold Glove,ARI,Arizona Diamondbacks,NL,W,Zack Greinke
2000,Cy Young Award,BOS,Boston Red Sox,AL,E,Pedro Martinez
2000,Cy Young Award,ARI,Arizona Diamondbacks,NL,W,Randy Johnson
2000,Gold Glove,SEA,Seattle Mariners,AL,W,John Olerud
2000,Gold Glove,CLE,Cleveland Indians,AL,C,Roberto Alomar
2000,Gold Glove,CLE,Cleveland Indians,AL,C,Travis Fryman
2000,Gold Glove,TEX,Texas Rangers,AL,W,Ivan Rodriguez
2000,Gold Glove,KCA,Kansas City Royals,AL,C,Jermaine Dye
2000,Gold Glove,ANA,Anaheim Angels,AL,W,Darin Erstad
2000,Gold Glove,NYA,New York Yankees,AL,E,Bernie Williams
2000,Gold Glove,TEX,Texas Rangers,AL,W,Kenny Rogers
2000,Gold Glove,CLE,Cleveland Indians,AL,C,Omar Vizquel
2000,Gold Glove,SFN,San Francisco Giants,NL,W,J. T. Snow
2000,Gold Glove,CIN,Cincinnati Reds,NL,C,Pokey Reese
2000,Gold Glove,PHI,Philadelphia Phillies,NL,E,Scott Rolen
2000,Gold Glove,SLN,St. Louis Cardinals,NL,C,Mike Matheny
2000,Gold Glove,SLN,St. Louis Cardinals,NL,C,Jim Edmonds
2000,Gold Glove,ARI,Arizona Diamondbacks,NL,W,Steve Finley
2000,Gold Glove,ATL,Atlanta Braves,NL,E,Andruw Jones
2000,Gold Glove,ATL,Atlanta Braves,NL,E,Greg Maddux
2000,Gold Glove,COL,Colorado Rockies,NL,W,Neifi Perez
2000,Most Valuable Player,OAK,Oakland Athletics,AL,W,Jason Giambi
2000,Most Valuable Player,SFN,San Francisco Giants,NL,W,Jeff Kent
2000,Rookie of the Year,SEA,Seattle Mariners,AL,W,Kazuhiro Sasaki
2000,Rookie of the Year,ATL,Atlanta Braves,NL,E,Rafael Furcal
2000,Silver Slugger,TOR,Toronto Blue Jays,AL,E,Carlos Delgado
2000,Silver Slugger,CLE,Cleveland Indians,AL,C,Roberto Alomar
2000,Silver Slugger,ANA,Anaheim Angels,AL,W,Troy Glaus
2000,Silver Slugger,NYA,New York Yankees,AL,E,Jorge Posada
2000,Silver Slugger,CHA,Chicago White Sox,AL,C,Frank Thomas
2000,Silver Slugger,ANA,Anaheim Angels,AL,W,Darin Erstad
2000,Silver Slugger,CHA,Chicago White Sox,AL,C,Magglio Ordonez
2000,Silver Slugger,CLE,Cleveland Indians,AL,C,Manny Ramirez
2000,Silver Slugger,SEA,Seattle Mariners,AL,W,Alex Rodriguez
2000,Silver Slugger,COL,Colorado Rockies,NL,W,Todd Helton
2000,Silver Slugger,SFN,San Francisco Giants,NL,W,Jeff Kent
2000,Silver Slugger,ATL,Atlanta Braves,NL,E,Chipper Jones
2000,Silver Slugger,NYN,New York Mets,NL,E,Mike Piazza
2000,Silver Slugger,SFN,San Francisco Giants,NL,W,Barry Bonds
2000,Silver Slugger,MON,Montreal Expos,NL,E,Vladimir Guerrero
2000,Silver Slugger,CHN,Chicago Cubs,NL,C,Sammy Sosa
2000,Silver Slugger,NYN,New York Mets,NL,E,Mike Hampton
2000,Silver Slugger,SLN,St. Louis Cardinals,NL,C,Edgar Renteria
2001,Cy Young Award,NYA,New York Yankees,AL,E,Roger Clemens
2001,Cy Young Award,ARI,Arizona Diamondbacks,NL,W,Randy Johnson
2001,Gold Glove,MIN,Minnesota Twins,AL,C,Doug Mientkiewicz
2001,Gold Glove,CLE,Cleveland Indians,AL,C,Roberto Alomar
2001,Gold Glove,OAK,Oakland Athletics,AL,W,Eric Chavez
2001,Gold Glove,TEX,Texas Rangers,AL,W,Ivan Rodriguez
2001,Gold Glove,SEA,Seattle Mariners,AL,W,Mike Cameron
2001,Gold Glove,MIN,Minnesota Twins,AL,C,Torii Hunter
2001,Gold Glove,SEA,Seattle Mariners,AL,W,Ichiro Suzuki
2001,Gold Glove,NYA,New York Yankees,AL,E,Mike Mussina
2001,Gold Glove,CLE,Cleveland Indians,AL,C,Omar Vizquel
2001,Gold Glove,COL,Colorado Rockies,NL,W,Todd Helton
2001,Gold Glove,SLN,St. Louis Cardinals,NL,C,Fernando Vina
2001,Gold Glove,PHI,Philadelphia Phillies,NL,E,Scott Rolen
2001,Gold Glove,HOU,Houston Astros,NL,C,Brad Ausmus
2001,Gold Glove,SLN,St. Louis Cardinals,NL,C,Jim Edmonds
2001,Gold Glove,ATL,Atlanta Braves,NL,E,Andruw Jones
2001,Gold Glove,COL,Colorado Rockies,NL,W,Larry Walker
2001,Gold Glove,ATL,Atlanta Braves,NL,E,Greg Maddux
2001,Gold Glove,MON,Montreal Expos,NL,E,Orlando Cabrera
2001,Most Valuable Player,SEA,Seattle Mariners,AL,W,Ichiro Suzuki
2001,Most Valuable Player,SFN,San Francisco Giants,NL,W,Barry Bonds
2001,Rookie of the Year,SEA,Seattle Mariners,AL,W,Ichiro Suzuki
2001,Rookie of the Year,SLN,St. Louis Cardinals,NL,C,Albert Pujols
2001,Silver Slugger,OAK,Oakland Athletics,AL,W,Jason Giambi
2001,Silver Slugger,SEA,Seattle Mariners,AL,W,Bret Boone
2001,Silver Slugger,ANA,Anaheim Angels,AL,W,Troy Glaus
2001,Silver Slugger,NYA,New York Yankees,AL,E,Jorge Posada
2001,Silver Slugger,SEA,Seattle Mariners,AL,W,Edgar Martinez
2001,Silver Slugger,CLE,Cleveland Indians,AL,C,Juan Gonzalez
2001,Silver Slugger,BOS,Boston Red Sox,AL,E,Manny Ramirez
2001,Silver Slugger,SEA,Seattle Mariners,AL,W,Ichiro Suzuki
2001,Silver Slugger,TEX,Texas Rangers,AL,W,Alex Rodriguez
2001,Silver Slugger,COL,Colorado Rockies,NL,W,Todd Helton
2001,Silver Slugger,SFN,San Francisco Giants,NL,W,Jeff Kent
2001,Silver Slugger,SLN,St. Louis Cardinals,NL,C,Albert Pujols
2001,Silver Slugger,NYN,New York Mets,NL,E,Mike Piazza
2001,Silver Slugger,SFN,San Francisco Giants,NL,W,Barry Bonds
2001,Silver Slugger,ARI,Arizona Diamondbacks,NL,W,Luis Gonzalez
2001,Silver Slugger,CHN,Chicago Cubs,NL,C,Sammy Sosa
2001,Silver Slugger,COL,Colorado Rockies,NL,W,Mike Hampton
2001,Silver Slugger,SFN,San Francisco Giants,NL,W,Rich Aurilia
2002,Cy Young Award,OAK,Oakland Athletics,AL,W,Barry Zito
2002,Cy Young Award,ARI,Arizona Diamondbacks,NL,W,Randy Johnson
2002,Gold Glove,SEA,Seattle Mariners,AL,W,John Olerud
2002,Gold Glove,SEA,Seattle Mariners,AL,W,Bret Boone
2002,Gold Glove,OAK,Oakland Athletics,AL,W,Eric Chavez
2002,Gold Glove,ANA,Anaheim Angels,AL,W,Bengie Molina
2002,Gold Glove,ANA,Anaheim Angels,AL,W,Darin Erstad
2002,Gold Glove,MIN,Minnesota Twins,AL,C,Torii Hunter
2002,Gold Glove,SEA,Seattle Mariners,AL,W,Ichiro Suzuki
2002,Gold Glove,TEX,Texas Rangers,AL,W,Kenny Rogers
2002,Gold Glove,TEX,Texas Rangers,AL,W,Alex Rodriguez
2002,Gold Glove,COL,Colorado Rockies,NL,W,Todd Helton
2002,Gold Glove,SLN,St. Louis Cardinals,NL,C,Fernando Vina
2002,Gold Glove,PHI,Philadelphia Phillies,NL,E,Scott Rolen
2002,Gold Glove,SLN,St. Louis Cardinals,NL,C,Scott Rolen
2002,Gold Glove,HOU,Houston Astros,NL,C,Brad Ausmus
2002,Gold Glove,SLN,St. Louis Cardinals,NL,C,Jim Edmonds
2002,Gold Glove,ATL,Atlanta Braves,NL,E,Andruw Jones
2002,Gold Glove,COL,Colorado Rockies,NL,W,Larry Walker
2002,Gold Glove,ATL,Atlanta Braves,NL,E,Greg Maddux
2002,Gold Glove,SLN,St. Louis Cardinals,NL,C,Edgar Renteria
2002,Most Valuable Player,OAK,Oakland Athletics,AL,W,Miguel Tejada
2002,Most Valuable Player,SFN,San Francisco Giants,NL,W,Barry Bonds
2002,Pitching Triple Crown,ARI,Arizona Diamondbacks,NL,W,Randy Johnson
2002,Rookie of the Year,TOR,Toronto Blue Jays,AL,E,Eric Hinske
2002,Rookie of the Year,COL,Colorado Rockies,NL,W,Jason Jennings
2002,Silver Slugger,NYA,New York Yankees,AL,E,Jason Giambi
2002,Silver Slugger,NYA,New York Yankees,AL,E,Alfonso Soriano
2002,Silver Slugger,OAK,Oakland Athletics,AL,W,Eric Chavez
2002,Silver Slugger,NYA,New York Yankees,AL,E,Jorge Posada
2002,Silver Slugger,BOS,Boston Red Sox,AL,E,Manny Ramirez
2002,Silver Slugger,ANA,Anaheim Angels,AL,W,Garret Anderson
2002,Silver Slugger,CHA,Chicago White Sox,AL,C,Magglio Ordonez
2002,Silver Slugger,NYA,New York Yankees,AL,E,Bernie Williams
2002,Silver Slugger,TEX,Texas Rangers,AL,W,Alex Rodriguez
2002,Silver Slugger,COL,Colorado Rockies,NL,W,Todd Helton
2002,Silver Slugger,SFN,San Francisco Giants,NL,W,Jeff Kent
2002,Silver Slugger,PHI,Philadelphia Phillies,NL,E,Scott Rolen
2002,Silver Slugger,SLN,St. Louis Cardinals,NL,C,Scott Rolen
2002,Silver Slugger,NYN,New York Mets,NL,E,Mike Piazza
2002,Silver Slugger,SFN,San Francisco Giants,NL,W,Barry Bonds
2002,Silver Slugger,MON,Montreal Expos,NL,E,Vladimir Guerrero
2002,Silver Slugger,CHN,Chicago Cubs,NL,C,Sammy Sosa
2002,Silver Slugger,COL,Colorado Rockies,NL,W,Mike Hampton
2002,Silver Slugger,SLN,St. Louis Cardinals,NL,C,Edgar Renteria
2003,Cy Young Award,TOR,Toronto Blue Jays,AL,E,Roy Halladay
2003,Cy Young Award,LAN,Los Angeles Dodgers,NL,W,Eric Gagne
2003,Gold Glove,SEA,Seattle Mariners,AL,W,John Olerud
2003,Gold Glove,SEA,Seattle Mariners,AL,W,Bret Boone
2003,Gold Glove,OAK,Oakland Athletics,AL,W,Eric Chavez
2003,Gold Glove,ANA,Anaheim Angels,AL,W,Bengie Molina
2003,Gold Glove,SEA,Seattle Mariners,AL,W,Mike Cameron
2003,Gold Glove,MIN,Minnesota Twins,AL,C,Torii Hunter
2003,Gold Glove,SEA,Seattle Mariners,AL,W,Ichiro Suzuki
2003,Gold Glove,NYA,New York Yankees,AL,E,Mike Mussina
2003,Gold Glove,TEX,Texas Rangers,AL,W,Alex Rodriguez
2003,Gold Glove,FLO,Florida Marlins,NL,E,Derrek Lee
2003,Gold Glove,FLO,Florida Marlins,NL,E,Luis Castillo
2003,Gold Glove,SLN,St. Louis Cardinals,NL,C,Scott Rolen
2003,Gold Glove,SLN,St. Louis Cardinals,NL,C,Mike Matheny
2003,Gold Glove,SFN,San Francisco Giants,NL,W,Jose Cruz
2003,Gold Glove,SLN,St. Louis Cardinals,NL,C,Jim Edmonds
2003,Gold Glove,ATL,Atlanta Braves,NL,E,Andruw Jones
2003,Gold Glove,ATL,Atlanta Braves,NL,E,Mike Hampton
2003,Gold Glove,SLN,St. Louis Cardinals,NL,C,Edgar Renteria
2003,Most Valuable Player,TEX,Texas Rangers,AL,W,Alex Rodriguez
2003,Most Valuable Player,SFN,San Francisco Giants,NL,W,Barry Bonds
2003,Rookie of the Year,KCA,Kansas City Royals,AL,C,Angel Berroa
2003,Rookie of the Year,FLO,Florida Marlins,NL,E,Dontrelle Willis
2003,Silver Slugger,TOR,Toronto Blue Jays,AL,E,Carlos Delgado
2003,Silver Slugger,SEA,Seattle Mariners,AL,W,Bret Boone
2003,Silver Slugger,BOS,Boston Red Sox,AL,E,Bill Mueller
2003,Silver Slugger,NYA,New York Yankees,AL,E,Jorge Posada
2003,Silver Slugger,SEA,Seattle Mariners,AL,W,Edgar Martinez
2003,Silver Slugger,ANA,Anaheim Angels,AL,W,Garret Anderson
2003,Silver Slugger,BOS,Boston Red Sox,AL,E,Manny Ramirez
2003,Silver Slugger,TOR,Toronto Blue Jays,AL,E,Vernon Wells
2003,Silver Slugger,TEX,Texas Rangers,AL,W,Alex Rodriguez
2003,Silver Slugger,COL,Colorado Rockies,NL,W,Todd Helton
2003,Silver Slugger,MON,Montreal Expos,NL,E,Jose Vidro
2003,Silver Slugger,FLO,Florida Marlins,NL,E,Mike Lowell
2003,Silver Slugger,ATL,Atlanta Braves,NL,E,Javy Lopez
2003,Silver Slugger,SFN,San Francisco Giants,NL,W,Barry Bonds
2003,Silver Slugger,SLN,St. Louis Cardinals,NL,C,Albert Pujols
2003,Silver Slugger,ATL,Atlanta Braves,NL,E,Gary Sheffield
2003,Silver Slugger,ATL,Atlanta Braves,NL,E,Mike Hampton
2003,Silver Slugger,SLN,St. Louis Cardinals,NL,C,Edgar Renteria
2004,Cy Young Award,MIN,Minnesota Twins,AL,C,Johan Santana
2004,Cy Young Award,HOU,Houston Astros,NL,C,Roger Clemens
2004,Gold Glove,ANA,Anaheim Angels,AL,W,Darin Erstad
2004,Gold Glove,SEA,Seattle Mariners,AL,W,Bret Boone
2004,Gold Glove,OAK,Oakland Athletics,AL,W,Eric Chavez
2004,Gold Glove,DET,Detroit Tigers,AL,C,Ivan Rodriguez
2004,Gold Glove,MIN,Minnesota Twins,AL,C,Torii Hunter
2004,Gold Glove,SEA,Seattle Mariners,AL,W,Ichiro Suzuki
2004,Gold Glove,TOR,Toronto Blue Jays,AL,E,Vernon Wells
2004,Gold Glove,TEX,Texas Rangers,AL,W,Kenny Rogers
2004,Gold Glove,NYA,New York Yankees,AL,E,Derek Jeter
2004,Gold Glove,COL,Colorado Rockies,NL,W,Todd Helton
2004,Gold Glove,FLO,Florida Marlins,NL,E,Luis Castillo
2004,Gold Glove,SLN,St. Louis Cardinals,NL,C,Scott Rolen
2004,Gold Glove,SLN,St. Louis Cardinals,NL,C,Mike Matheny
2004,Gold Glove,SLN,St. Louis Cardinals,NL,C,Jim Edmonds
2004,Gold Glove,ARI,Arizona Diamondbacks,NL,W,Steve Finley
2004,Gold Glove,LAN,Los Angeles Dodgers,NL,W,Steve Finley
2004,Gold Glove,ATL,Atlanta Braves,NL,E,Andruw Jones
2004,Gold Glove,CHN,Chicago Cubs,NL,C,Greg Maddux
2004,Gold Glove,LAN,Los Angeles Dodgers,NL,W,Cesar Izturis
2004,Most Valuable Player,ANA,Anaheim Angels,AL,W,Vladimir Guerrero
2004,Most Valuable Player,SFN,San Francisco Giants,NL,W,Barry Bonds
2004,Rookie of the Year,OAK,Oakland Athletics,AL,W,Bobby Crosby
2004,Rookie of the Year,PIT,Pittsburgh Pirates,NL,C,Jason Bay
2004,Silver Slugger,TEX,Texas Rangers,AL,W,Mark Teixeira
2004,Silver Slugger,TEX,Texas Rangers,AL,W,Alfonso Soriano
2004,Silver Slugger,BAL,Baltimore Orioles,AL,E,Melvin Mora
2004,Silver Slugger,CLE,Cleveland Indians,AL,C,Victor Martinez
2004,Silver Slugger,DET,Detroit Tigers,AL,C,Ivan Rodriguez
2004,Silver Slugger,BOS,Boston Red Sox,AL,E,David Ortiz
2004,Silver Slugger,ANA,Anaheim Angels,AL,W,Vladimir Guerrero
2004,Silver Slugger,BOS,Boston Red Sox,AL,E,Manny Ramirez
2004,Silver Slugger,NYA,New York Yankees,AL,E,Gary Sheffield
2004,Silver Slugger,BAL,Baltimore Orioles,AL,E,Miguel Tejada
2004,Silver Slugger,SLN,St. Louis Cardinals,NL,C,Albert Pujols
2004,Silver Slugger,SDN,San Diego Padres,NL,W,Mark Loretta
2004,Silver Slugger,LAN,Los Angeles Dodgers,NL,W,Adrian Beltre
2004,Silver Slugger,ATL,Atlanta Braves,NL,E,Johnny Estrada
2004,Silver Slugger,PHI,Philadelphia Phillies,NL,E,Bobby Abreu
2004,Silver Slugger,SFN,San Francisco Giants,NL,W,Barry Bonds
2004,Silver Slugger,SLN,St. Louis Cardinals,NL,C,Jim Edmonds
2004,Silver Slugger,MON,Montreal Expos,NL,E,Livan Hernandez
2004,Silver Slugger,PIT,Pittsburgh Pirates,NL,C,Jack Wilson
2005,Cy Young Award,LAA,Los Angeles Angels of Anaheim,AL,W,Bartolo Colon
2005,Cy Young Award,SLN,St. Louis Cardinals,NL,C,Chris Carpenter
2005,Gold Glove,TEX,Texas Rangers,AL,W,Mark Teixeira
2005,Gold Glove,TOR,Toronto Blue Jays,AL,E,Orlando Hudson
2005,Gold Glove,OAK,Oakland Athletics,AL,W,Eric Chavez
2005,Gold Glove,BOS,Boston Red Sox,AL,E,Jason Varitek
2005,Gold Glove,MIN,Minnesota Twins,AL,C,Torii Hunter
2005,Gold Glove,SEA,Seattle Mariners,AL,W,Ichiro Suzuki
2005,Gold Glove,TOR,Toronto Blue Jays,AL,E,Vernon Wells
2005,Gold Glove,TEX,Texas Rangers,AL,W,Kenny Rogers
2005,Gold Glove,NYA,New York Yankees,AL,E,Derek Jeter
2005,Gold Glove,CHN,Chicago Cubs,NL,C,Derrek Lee
2005,Gold Glove,FLO,Florida Marlins,NL,E,Luis Castillo
2005,Gold Glove,FLO,Florida Marlins,NL,E,Mike Lowell
2005,Gold Glove,SFN,San Francisco Giants,NL,W,Mike Matheny
2005,Gold Glove,PHI,Philadelphia Phillies,NL,E,Bobby Abreu
2005,Gold Glove,SLN,St. Louis Cardinals,NL,C,Jim Edmonds
2005,Gold Glove,ATL,Atlanta Braves,NL,E,Andruw Jones
2005,Gold Glove,CHN,Chicago Cubs,NL,C,Greg Maddux
2005,Gold Glove,SFN,San Francisco Giants,NL,W,Omar Vizquel
2005,Most Valuable Player,NYA,New York Yankees,AL,E,Alex Rodriguez
2005,Most Valuable Player,SLN,St. Louis Cardinals,NL,C,Albert Pujols
2005,Rookie of the Year,OAK,Oakland Athletics,AL,W,Huston Street
2005,Rookie of the Year,PHI,Philadelphia Phillies,NL,E,Ryan Howard
2005,Silver Slugger,TEX,Texas Rangers,AL,W,Mark Teixeira
2005,Silver Slugger,TEX,Texas Rangers,AL,W,Alfonso Soriano
2005,Silver Slugger,NYA,New York Yankees,AL,E,Alex Rodriguez
2005,Silver Slugger,BOS,Boston Red Sox,AL,E,Jason Varitek
2005,Silver Slugger,BOS,Boston Red Sox,AL,E,David Ortiz
2005,Silver Slugger,LAA,Los Angeles Angels of Anaheim,AL,W,Vladimir Guerrero
2005,Silver Slugger,BOS,Boston Red Sox,AL,E,Manny Ramirez
2005,Silver Slugger,NYA,New York Yankees,AL,E,Gary Sheffield
2005,Silver Slugger,BAL,Baltimore Orioles,AL,E,Miguel Tejada
2005,Silver Slugger,CHN,Chicago Cubs,NL,C,Derrek Lee
2005,Silver Slugger,LAN,Los Angeles Dodgers,NL,W,Jeff Kent
2005,Silver Slugger,HOU,Houston Astros,NL,C,Morgan Ensberg
2005,Silver Slugger,CHN,Chicago Cubs,NL,C,Michael Barrett
2005,Silver Slugger,FLO,Florida Marlins,NL,E,Miguel Cabrera
2005,Silver Slugger,ATL,Atlanta Braves,NL,E,Andruw Jones
2005,Silver Slugger,MIL,Milwaukee Brewers,NL,C,Carlos Lee
2005,Silver Slugger,SLN,St. Louis Cardinals,NL,C,Jason Marquis
2005,Silver Slugger,CIN,Cincinnati Reds,NL,C,Felipe Lopez
2006,Cy Young Award,MIN,Minnesota Twins,AL,C,Johan Santana
2006,Cy Young Award,ARI,Arizona Diamondbacks,NL,W,Brandon Webb
2006,Gold Glove,TEX,Texas Rangers,AL,W,Mark Teixeira
2006,Gold Glove,KCA,Kansas City Royals,AL,C,Mark Grudzielanek
2006,Gold Glove,OAK,Oakland Athletics,AL,W,Eric Chavez
2006,Gold Glove,DET,Detroit Tigers,AL,C,Ivan Rodriguez
2006,Gold Glove,MIN,Minnesota Twins,AL,C,Torii Hunter
2006,Gold Glove,SEA,Seattle Mariners,AL,W,Ichiro Suzuki
2006,Gold Glove,TOR,Toronto Blue Jays,AL,E,Vernon Wells
2006,Gold Glove,DET,Detroit Tigers,AL,C,Kenny Rogers
2006,Gold Glove,NYA,New York Yankees,AL,E,Derek Jeter
2006,Gold Glove,SLN,St. Louis Cardinals,NL,C,Albert Pujols
2006,Gold Glove,ARI,Arizona Diamondbacks,NL,W,Orlando Hudson
2006,Gold Glove,SLN,St. Louis Cardinals,NL,C,Scott Rolen
2006,Gold Glove,HOU,Houston Astros,NL,C,Brad Ausmus
2006,Gold Glove,NYN,New York Mets,NL,E,Carlos Beltran
2006,Gold Glove,SDN,San Diego Padres,NL,W,Mike Cameron
2006,Gold Glove,ATL,Atlanta Braves,NL,E,Andruw Jones
2006,Gold Glove,CHN,Chicago Cubs,NL,C,Greg Maddux
2006,Gold Glove,CHN,Chicago Cubs,NL,C,Greg Maddux
2006,Gold Glove,LAN,Los Angeles Dodgers,NL,W,Greg Maddux
2006,Gold Glove,LAN,Los Angeles Dodgers,NL,W,Greg Maddux
2006,Gold Glove,SFN,San Francisco Giants,NL,W,Omar Vizquel
2006,Most Valuable Player,MIN,Minnesota Twins,AL,C,Justin Morneau
2006,Most Valuable Player,PHI,Philadelphia Phillies,NL,E,Ryan Howard
2006,Pitching Triple Crown,MIN,Minnesota Twins,AL,C,Johan Santana
2006,Rookie of the Year,DET,Detroit Tigers,AL,C,Justin Verlander
2006,Rookie of the Year,FLO,Florida Marlins,NL,E,Hanley Ramirez
2006,Silver Slugger,MIN,Minnesota Twins,AL,C,Justin Morneau
2006,Silver Slugger,NYA,New York Yankees,AL,E,Robinson Cano
2006,Silver Slugger,CHA,Chicago White Sox,AL,C,Joe Crede
2006,Silver Slugger,MIN,Minnesota Twins,AL,C,Joe Mauer
2006,Silver Slugger,BOS,Boston Red Sox,AL,E,David Ortiz
2006,Silver Slugger,CHA,Chicago White Sox,AL,C,Jermaine Dye
2006,Silver Slugger,LAA,Los Angeles Angels of Anaheim,AL,W,Vladimir Guerrero
2006,Silver Slugger,BOS,Boston Red Sox,AL,E,Manny Ramirez
2006,Silver Slugger,NYA,New York Yankees,AL,E,Derek Jeter
2006,Silver Slugger,PHI,Philadelphia Phillies,NL,E,Ryan Howard
2006,Silver Slugger,PHI,Philadelphia Phillies,NL,E,Chase Utley
2006,Silver Slugger,FLO,Florida Marlins,NL,E,Miguel Cabrera
2006,Silver Slugger,ATL,Atlanta Braves,NL,E,Brian McCann
2006,Silver Slugger,NYN,New York Mets,NL,E,Carlos Beltran
2006,Silver Slugger,COL,Colorado Rockies,NL,W,Matt Holliday
2006,Silver Slugger,WAS,Washington Nationals,NL,E,Alfonso Soriano
2006,Silver Slugger,CHN,Chicago Cubs,NL,C,Carlos Zambrano
2006,Silver Slugger,NYN,New York Mets,NL,E,Jose Reyes
2007,Cy Young Award,CLE,Cleveland Indians,AL,C,CC Sabathia
2007,Cy Young Award,SDN,San Diego Padres,NL,W,Jake Peavy
2007,Gold Glove,BOS,Boston Red Sox,AL,E,Kevin Youkilis
2007,Gold Glove,DET,Detroit Tigers,AL,C,Placido Polanco
2007,Gold Glove,SEA,Seattle Mariners,AL,W,Adrian Beltre
2007,Gold Glove,DET,Detroit Tigers,AL,C,Ivan Rodriguez
2007,Gold Glove,MIN,Minnesota Twins,AL,C,Torii Hunter
2007,Gold Glove,CLE,Cleveland Indians,AL,C,Grady Sizemore
2007,Gold Glove,SEA,Seattle Mariners,AL,W,Ichiro Suzuki
2007,Gold Glove,MIN,Minnesota Twins,AL,C,Johan Santana
2007,Gold Glove,LAA,Los Angeles Angels of Anaheim,AL,W,Orlando Cabrera
2007,Gold Glove,CHN,Chicago Cubs,NL,C,Derrek Lee
2007,Gold Glove,ARI,Arizona Diamondbacks,NL,W,Orlando Hudson
2007,Gold Glove,NYN,New York Mets,NL,E,David Wright
2007,Gold Glove,LAN,Los Angeles Dodgers,NL,W,Russell Martin
2007,Gold Glove,NYN,New York Mets,NL,E,Carlos Beltran
2007,Gold Glove,ATL,Atlanta Braves,NL,E,Jeff Francoeur
2007,Gold Glove,ATL,Atlanta Braves,NL,E,Andruw Jones
2007,Gold Glove,PHI,Philadelphia Phillies,NL,E,Aaron Rowand
2007,Gold Glove,SDN,San Diego Padres,NL,W,Greg Maddux
2007,Gold Glove,PHI,Philadelphia Phillies,NL,E,Jimmy Rollins
2007,Most Valuable Player,NYA,New York Yankees,AL,E,Alex Rodriguez
2007,Most Valuable Player,PHI,Philadelphia Phillies,NL,E,Jimmy Rollins
2007,Pitching Triple Crown,SDN,San Diego Padres,NL,W,Jake Peavy
2007,Rookie of the Year,BOS,Boston Red Sox,AL,E,Dustin Pedroia
2007,Rookie of the Year,MIL,Milwaukee Brewers,NL,C,Ryan Braun
2007,Silver Slugger,TBA,Tampa Bay Rays,AL,E,Carlos Pena
2007,Silver Slugger,DET,Detroit Tigers,AL,C,Placido Polanco
2007,Silver Slugger,NYA,New York Yankees,AL,E,Alex Rodriguez
2007,Silver Slugger,NYA,New York Yankees,AL,E,Jorge Posada
2007,Silver Slugger,BOS,Boston Red Sox,AL,E,David Ortiz
2007,Silver Slugger,LAA,Los Angeles Angels of Anaheim,AL,W,Vladimir Guerrero
2007,Silver Slugger,DET,Detroit Tigers,AL,C,Magglio Ordonez
2007,Silver Slugger,SEA,Seattle Mariners,AL,W,Ichiro Suzuki
2007,Silver Slugger,NYA,New York Yankees,AL,E,Derek Jeter
2007,Silver Slugger,MIL,Milwaukee Brewers,NL,C,Prince Fielder
2007,Silver Slugger,PHI,Philadelphia Phillies,NL,E,Chase Utley
2007,Silver Slugger,NYN,New York Mets,NL,E,David Wright
2007,Silver Slugger,LAN,Los Angeles Dodgers,NL,W,Russell Martin
2007,Silver Slugger,NYN,New York Mets,NL,E,Carlos Beltran
2007,Silver Slugger,COL,Colorado Rockies,NL,W,Matt Holliday
2007,Silver Slugger,HOU,Houston Astros,NL,C,Carlos Lee
2007,Silver Slugger,ARI,Arizona Diamondbacks,NL,W,Micah Owings
2007,Silver Slugger,PHI,Philadelphia Phillies,NL,E,Jimmy Rollins
2008,Cy Young Award,CLE,Cleveland Indians,AL,C,Cliff Lee
2008,Cy Young Award,SFN,San Francisco Giants,NL,W,Tim Lincecum
2008,Gold Glove,TBA,Tampa Bay Rays,AL,E,Carlos Pena
2008,Gold Glove,BOS,Boston Red Sox,AL,E,Dustin Pedroia
2008,Gold Glove,SEA,Seattle Mariners,AL,W,Adrian Beltre
2008,Gold Glove,MIN,Minnesota Twins,AL,C,Joe Mauer
2008,Gold Glove,LAA,Los Angeles Angels of Anaheim,AL,W,Torii Hunter
2008,Gold Glove,CLE,Cleveland Indians,AL,C,Grady Sizemore
2008,Gold Glove,SEA,Seattle Mariners,AL,W,Ichiro Suzuki
2008,Gold Glove,NYA,New York Yankees,AL,E,Mike Mussina
2008,Gold Glove,TEX,Texas Rangers,AL,W,Michael Young
2008,Gold Glove,SDN,San Diego Padres,NL,W,Adrian Gonzalez
2008,Gold Glove,CIN,Cincinnati Reds,NL,C,Brandon Phillips
2008,Gold Glove,NYN,New York Mets,NL,E,David Wright
2008,Gold Glove,SLN,St. Louis Cardinals,NL,C,Yadier Molina
2008,Gold Glove,NYN,New York Mets,NL,E,Carlos Beltran
2008,Gold Glove,PIT,Pittsburgh Pirates,NL,C,Nate McLouth
2008,Gold Glove,PHI,Philadelphia Phillies,NL,E,Shane Victorino
2008,Gold Glove,LAN,Los Angeles Dodgers,NL,W,Greg Maddux
2008,Gold Glove,LAN,Los Angeles Dodgers,NL,W,Greg Maddux
2008,Gold Glove,SDN,San Diego Padres,NL,W,Greg Maddux
2008,Gold Glove,SDN,San Diego Padres,NL,W,Greg Maddux
2008,Gold Glove,PHI,Philadelphia Phillies,NL,E,Jimmy Rollins
2008,Most Valuable Player,BOS,Boston Red Sox,AL,E,Dustin Pedroia
2008,Most Valuable Player,SLN,St. Louis Cardinals,NL,C,Albert Pujols
2008,Rookie of the Year,TBA,Tampa Bay Rays,AL,E,Evan Longoria
2008,Rookie of the Year,CHN,Chicago Cubs,NL,C,Geovany Soto
2008,Silver Slugger,MIN,Minnesota Twins,AL,C,Justin Morneau
2008,Silver Slugger,BOS,Boston Red Sox,AL,E,Dustin Pedroia
2008,Silver Slugger,NYA,New York Yankees,AL,E,Alex Rodriguez
2008,Silver Slugger,MIN,Minnesota Twins,AL,C,Joe Mauer
2008,Silver Slugger,BAL,Baltimore Orioles,AL,E,Aubrey Huff
2008,Silver Slugger,TEX,Texas Rangers,AL,W,Josh Hamilton
2008,Silver Slugger,CHA,Chicago White Sox,AL,C,Carlos Quentin
2008,Silver Slugger,CLE,Cleveland Indians,AL,C,Grady Sizemore
2008,Silver Slugger,NYA,New York Yankees,AL,E,Derek Jeter
2008,Silver Slugger,SLN,St. Louis Cardinals,NL,C,Albert Pujols
2008,Silver Slugger,PHI,Philadelphia Phillies,NL,E,Chase Utley
2008,Silver Slugger,NYN,New York Mets,NL,E,David Wright
2008,Silver Slugger,ATL,Atlanta Braves,NL,E,Brian McCann
2008,Silver Slugger,MIL,Milwaukee Brewers,NL,C,Ryan Braun
2008,Silver Slugger,COL,Colorado Rockies,NL,W,Matt Holliday
2008,Silver Slugger,SLN,St. Louis Cardinals,NL,C,Ryan Ludwick
2008,Silver Slugger,CHN,Chicago Cubs,NL,C,Carlos Zambrano
2008,Silver Slugger,FLO,Florida Marlins,NL,E,Hanley Ramirez
2009,Cy Young Award,KCA,Kansas City Royals,AL,C,Zack Greinke
2009,Cy Young Award,SFN,San Francisco Giants,NL,W,Tim Lincecum
2009,Gold Glove,NYA,New York Yankees,AL,E,Mark Teixeira
2009,Gold Glove,DET,Detroit Tigers,AL,C,Placido Polanco
2009,Gold Glove,TBA,Tampa Bay Rays,AL,E,Evan Longoria
2009,Gold Glove,MIN,Minnesota Twins,AL,C,Joe Mauer
2009,Gold Glove,LAA,Los Angeles Angels of Anaheim,AL,W,Torii Hunter
2009,Gold Glove,BAL,Baltimore Orioles,AL,E,Adam Jones
2009,Gold Glove,SEA,Seattle Mariners,AL,W,Ichiro Suzuki
2009,Gold Glove,CHA,Chicago White Sox,AL,C,Mark Buehrle
2009,Gold Glove,NYA,New York Yankees,AL,E,Derek Jeter
2009,Gold Glove,SDN,San Diego Padres,NL,W,Adrian Gonzalez
2009,Gold Glove,LAN,Los Angeles Dodgers,NL,W,Orlando Hudson
2009,Gold Glove,WAS,Washington Nationals,NL,E,Ryan Zimmerman
2009,Gold Glove,SLN,St. Louis Cardinals,NL,C,Yadier Molina
2009,Gold Glove,HOU,Houston Astros,NL,C,Michael Bourn
2009,Gold Glove,LAN,Los Angeles Dodgers,NL,W,Matt Kemp
2009,Gold Glove,PHI,Philadelphia Phillies,NL,E,Shane Victorino
2009,Gold Glove,SLN,St. Louis Cardinals,NL,C,Adam Wainwright
2009,Gold Glove,PHI,Philadelphia Phillies,NL,E,Jimmy Rollins
2009,Most Valuable Player,MIN,Minnesota Twins,AL,C,Joe Mauer
2009,Most Valuable Player,SLN,St. Louis Cardinals,NL,C,Albert Pujols
2009,Rookie of the Year,OAK,Oakland Athletics,AL,W,Andrew Bailey
2009,Rookie of the Year,FLO,Florida Marlins,NL,E,Chris Coghlan
2009,Silver Slugger,NYA,New York Yankees,AL,E,Mark Teixeira
2009,Silver Slugger,TOR,Toronto Blue Jays,AL,E,Aaron Hill
2009,Silver Slugger,TBA,Tampa Bay Rays,AL,E,Evan Longoria
2009,Silver Slugger,MIN,Minnesota Twins,AL,C,Joe Mauer
2009,Silver Slugger,TOR,Toronto Blue Jays,AL,E,Adam Lind
2009,Silver Slugger,BOS,Boston Red Sox,AL,E,Jason Bay
2009,Silver Slugger,LAA,Los Angeles Angels of Anaheim,AL,W,Torii Hunter
2009,Silver Slugger,SEA,Seattle Mariners,AL,W,Ichiro Suzuki
2009,Silver Slugger,NYA,New York Yankees,AL,E,Derek Jeter
2009,Silver Slugger,SLN,St. Louis Cardinals,NL,C,Albert Pujols
2009,Silver Slugger,PHI,Philadelphia Phillies,NL,E,Chase Utley
2009,Silver Slugger,WAS,Washington Nationals,NL,E,Ryan Zimmerman
2009,Silver Slugger,ATL,Atlanta Braves,NL,E,Brian McCann
2009,Silver Slugger,MIL,Milwaukee Brewers,NL,C,Ryan Braun
2009,Silver Slugger,LAN,Los Angeles Dodgers,NL,W,Andre Ethier
2009,Silver Slugger,LAN,Los Angeles Dodgers,NL,W,Matt Kemp
2009,Silver Slugger,CHN,Chicago Cubs,NL,C,Carlos Zambrano
2009,Silver Slugger,FLO,Florida Marlins,NL,E,Hanley Ramirez
2010,Cy Young Award,SEA,Seattle Mariners,AL,W,Felix Hernandez
2010,Cy Young Award,PHI,Philadelphia Phillies,NL,E,Roy Halladay
2010,Gold Glove,NYA,New York Yankees,AL,E,Mark Teixeira
2010,Gold Glove,NYA,New York Yankees,AL,E,Robinson Cano
2010,Gold Glove,TBA,Tampa Bay Rays,AL,E,Evan Longoria
2010,Gold Glove,MIN,Minnesota Twins,AL,C,Joe Mauer
2010,Gold Glove,TBA,Tampa Bay Rays,AL,E,Carl Crawford
2010,Gold Glove,SEA,Seattle Mariners,AL,W,Franklin Gutierrez
2010,Gold Glove,SEA,Seattle Mariners,AL,W,Ichiro Suzuki
2010,Gold Glove,CHA,Chicago White Sox,AL,C,Mark Buehrle
2010,Gold Glove,NYA,New York Yankees,AL,E,Derek Jeter
2010,Gold Glove,SLN,St. Louis Cardinals,NL,C,Albert Pujols
2010,Gold Glove,CIN,Cincinnati Reds,NL,C,Brandon Phillips
2010,Gold Glove,CIN,Cincinnati Reds,NL,C,Scott Rolen
2010,Gold Glove,SLN,St. Louis Cardinals,NL,C,Yadier Molina
2010,Gold Glove,HOU,Houston Astros,NL,C,Michael Bourn
2010,Gold Glove,COL,Colorado Rockies,NL,W,Carlos Gonzalez
2010,Gold Glove,PHI,Philadelphia Phillies,NL,E,Shane Victorino
2010,Gold Glove,CIN,Cincinnati Reds,NL,C,Bronson Arroyo
2010,Gold Glove,COL,Colorado Rockies,NL,W,Troy Tulowitzki
2010,Most Valuable Player,TEX,Texas Rangers,AL,W,Josh Hamilton
2010,Most Valuable Player,CIN,Cincinnati Reds,NL,C,Joey Votto
2010,Rookie of the Year,TEX,Texas Rangers,AL,W,Neftali Feliz
2010,Rookie of the Year,SFN,San Francisco Giants,NL,W,Buster Posey
2010,Silver Slugger,DET,Detroit Tigers,AL,C,Miguel Cabrera
2010,Silver Slugger,NYA,New York Yankees,AL,E,Robinson Cano
2010,Silver Slugger,BOS,Boston Red Sox,AL,E,Adrian Beltre
2010,Silver Slugger,MIN,Minnesota Twins,AL,C,Joe Mauer
2010,Silver Slugger,TEX,Texas Rangers,AL,W,Vladimir Guerrero
2010,Silver Slugger,TOR,Toronto Blue Jays,AL,E,Jose Bautista
2010,Silver Slugger,TBA,Tampa Bay Rays,AL,E,Carl Crawford
2010,Silver Slugger,TEX,Texas Rangers,AL,W,Josh Hamilton
2010,Silver Slugger,CHA,Chicago White Sox,AL,C,Alexei Ramirez
2010,Silver Slugger,SLN,St. Louis Cardinals,NL,C,Albert Pujols
2010,Silver Slugger,FLO,Florida Marlins,NL,E,Dan Uggla
2010,Silver Slugger,WAS,Washington Nationals,NL,E,Ryan Zimmerman
2010,Silver Slugger,ATL,Atlanta Braves,NL,E,Brian McCann
2010,Silver Slugger,MIL,Milwaukee Brewers,NL,C,Ryan Braun
2010,Silver Slugger,COL,Colorado Rockies,NL,W,Carlos Gonzalez
2010,Silver Slugger,SLN,St. Louis Cardinals,NL,C,Matt Holliday
2010,Silver Slugger,MIL,Milwaukee Brewers,NL,C,Yovani Gallardo
2010,Silver Slugger,COL,Colorado Rockies,NL,W,Troy Tulowitzki
2011,Cy Young Award,DET,Detroit Tigers,AL,C,Justin Verlander
2011,Cy Young Award,LAN,Los Angeles Dodgers,NL,W,Clayton Kershaw
2011,Gold Glove,BOS,Boston Red Sox,AL,E,Adrian Gonzalez
2011,Gold Glove,BOS,Boston Red Sox,AL,E,Dustin Pedroia
2011,Gold Glove,TEX,Texas Rangers,AL,W,Adrian Beltre
2011,Gold Glove,BAL,Baltimore Orioles,AL,E,Matt Wieters
2011,Gold Glove,BOS,Boston Red Sox,AL,E,Jacoby Ellsbury
2011,Gold Glove,KCA,Kansas City Royals,AL,C,Alex Gordon
2011,Gold Glove,CHA,Chicago White Sox,AL,C,Mark Buehrle
2011,Gold Glove,BAL,Baltimore Orioles,AL,E,Nick Markakis
2011,Gold Glove,LAA,Los Angeles Angels of Anaheim,AL,W,Erick Aybar
2011,Gold Glove,CIN,Cincinnati Reds,NL,C,Joey Votto
2011,Gold Glove,CIN,Cincinnati Reds,NL,C,Brandon Phillips
2011,Gold Glove,PHI,Philadelphia Phillies,NL,E,Placido Polanco
2011,Gold Glove,SLN,St. Louis Cardinals,NL,C,Yadier Molina
2011,Gold Glove,LAN,Los Angeles Dodgers,NL,W,Matt Kemp
2011,Gold Glove,ARI,Arizona Diamondbacks,NL,W,Gerardo Parra
2011,Gold Glove,LAN,Los Angeles Dodgers,NL,W,Clayton Kershaw
2011,Gold Glove,LAN,Los Angeles Dodgers,NL,W,Andre Ethier
2011,Gold Glove,COL,Colorado Rockies,NL,W,Troy Tulowitzki
2011,Most Valuable Player,DET,Detroit Tigers,AL,C,Justin Verlander
2011,Most Valuable Player,MIL,Milwaukee Brewers,NL,C,Ryan Braun
2011,Pitching Triple Crown,DET,Detroit Tigers,AL,C,Justin Verlander
2011,Pitching Triple Crown,LAN,Los Angeles Dodgers,NL,W,Clayton Kershaw
2011,Rookie of the Year,TBA,Tampa Bay Rays,AL,E,Jeremy Hellickson
2011,Rookie of the Year,ATL,Atlanta Braves,NL,E,Craig Kimbrel
2011,Silver Slugger,BOS,Boston Red Sox,AL,E,Adrian Gonzalez
2011,Silver Slugger,NYA,New York Yankees,AL,E,Robinson Cano
2011,Silver Slugger,TEX,Texas Rangers,AL,W,Adrian Beltre
2011,Silver Slugger,DET,Detroit Tigers,AL,C,Alex Avila
2011,Silver Slugger,BOS,Boston Red Sox,AL,E,David Ortiz
2011,Silver Slugger,TOR,Toronto Blue Jays,AL,E,Jose Bautista
2011,Silver Slugger,BOS,Boston Red Sox,AL,E,Jacoby Ellsbury
2011,Silver Slugger,NYA,New York Yankees,AL,E,Curtis Granderson
2011,Silver Slugger,CLE,Cleveland Indians,AL,C,Asdrubal Cabrera
2011,Silver Slugger,MIL,Milwaukee Brewers,NL,C,Prince Fielder
2011,Silver Slugger,CIN,Cincinnati Reds,NL,C,Brandon Phillips
2011,Silver Slugger,CHN,Chicago Cubs,NL,C,Aramis Ramirez
2011,Silver Slugger,ATL,Atlanta Braves,NL,E,Brian McCann
2011,Silver Slugger,MIL,Milwaukee Brewers,NL,C,Ryan Braun
2011,Silver Slugger,LAN,Los Angeles Dodgers,NL,W,Matt Kemp
2011,Silver Slugger,ARI,Arizona Diamondbacks,NL,W,Justin Upton
2011,Silver Slugger,ARI,Arizona Diamondbacks,NL,W,Daniel Hudson
2011,Silver Slugger,COL,Colorado Rockies,NL,W,Troy Tulowitzki
2012,Cy Young Award,TBA,Tampa Bay Rays,AL,E,David Price
2012,Cy Young Award,NYN,New York Mets,NL,E,R. A. Dickey
2012,Gold Glove,NYA,New York Yankees,AL,E,Mark Teixeira
2012,Gold Glove,NYA,New York Yankees,AL,E,Robinson Cano
2012,Gold Glove,TEX,Texas Rangers,AL,W,Adrian Beltre
2012,Gold Glove,BAL,Baltimore Orioles,AL,E,Matt Wieters
2012,Gold Glove,BAL,Baltimore Orioles,AL,E,Adam Jones
2012,Gold Glove,KCA,Kansas City Royals,AL,C,Alex Gordon
2012,Gold Glove,TBA,Tampa Bay Rays,AL,E,Jeremy Hellickson
2012,Gold Glove,OAK,Oakland Athletics,AL,W,Josh Reddick
2012,Gold Glove,BAL,Baltimore Orioles,AL,E,J. J. Hardy
2012,Gold Glove,WAS,Washington Nationals,NL,E,Adam LaRoche
2012,Gold Glove,CHN,Chicago Cubs,NL,C,Darwin Barney
2012,Gold Glove,SDN,San Diego Padres,NL,W,Chase Headley
2012,Gold Glove,SLN,St. Louis Cardinals,NL,C,Yadier Molina
2012,Gold Glove,PIT,Pittsburgh Pirates,NL,C,Andrew McCutchen
2012,Gold Glove,COL,Colorado Rockies,NL,W,Carlos Gonzalez
2012,Gold Glove,MIA,Miami Marlins,NL,E,Mark Buehrle
2012,Gold Glove,ATL,Atlanta Braves,NL,E,Jason Heyward
2012,Gold Glove,PHI,Philadelphia Phillies,NL,E,Jimmy Rollins
2012,Most Valuable Player,DET,Detroit Tigers,AL,C,Miguel Cabrera
2012,Most Valuable Player,SFN,San Francisco Giants,NL,W,Buster Posey
2012,Rookie of the Year,LAA,Los Angeles Angels of Anaheim,AL,W,Mike Trout
2012,Rookie of the Year,WAS,Washington Nationals,NL,E,Bryce Harper
2012,Silver Slugger,DET,Detroit Tigers,AL,C,Prince Fielder
2012,Silver Slugger,NYA,New York Yankees,AL,E,Robinson Cano
2012,Silver Slugger,DET,Detroit Tigers,AL,C,Miguel Cabrera
2012,Silver Slugger,CHA,Chicago White Sox,AL,C,A. J. Pierzynski
2012,Silver Slugger,KCA,Kansas City Royals,AL,C,Billy Butler
2012,Silver Slugger,TEX,Texas Rangers,AL,W,Josh Hamilton
2012,Silver Slugger,LAA,Los Angeles Angels of Anaheim,AL,W,Mike Trout
2012,Silver Slugger,MIN,Minnesota Twins,AL,C,Josh Willingham
2012,Silver Slugger,NYA,New York Yankees,AL,E,Derek Jeter
2012,Silver Slugger,WAS,Washington Nationals,NL,E,Adam LaRoche
2012,Silver Slugger,ARI,Arizona Diamondbacks,NL,W,Aaron Hill
2012,Silver Slugger,SDN,San Diego Padres,NL,W,Chase Headley
2012,Silver Slugger,SFN,San Francisco Giants,NL,W,Buster Posey
2012,Silver Slugger,MIL,Milwaukee Brewers,NL,C,Ryan Braun
2012,Silver Slugger,CIN,Cincinnati Reds,NL,C,Jay Bruce
2012,Silver Slugger,PIT,Pittsburgh Pirates,NL,C,Andrew McCutchen
2012,Silver Slugger,WAS,Washington Nationals,NL,E,Stephen Strasburg
2012,Silver Slugger,WAS,Washington Nationals,NL,E,Ian Desmond
2012,Triple Crown,DET,Detroit Tigers,AL,C,Miguel Cabrera
2013,Cy Young Award,DET,Detroit Tigers,AL,C,Max Scherzer
2013,Cy Young Award,LAN,Los Angeles Dodgers,NL,W,Clayton Kershaw
2013,Gold Glove,KCA,Kansas City Royals,AL,C,Eric Hosmer
2013,Gold Glove,BOS,Boston Red Sox,AL,E,Dustin Pedroia
2013,Gold Glove,BAL,Baltimore Orioles,AL,E,Manny Machado
2013,Gold Glove,KCA,Kansas City Royals,AL,C,Salvador Perez
2013,Gold Glove,BAL,Baltimore Orioles,AL,E,Adam Jones
2013,Gold Glove,KCA,Kansas City Royals,AL,C,Alex Gordon
2013,Gold Glove,TOR,Toronto Blue Jays,AL,E,R. A. Dickey
2013,Gold Glove,BOS,Boston Red Sox,AL,E,Shane Victorino
2013,Gold Glove,BAL,Baltimore Orioles,AL,E,J. J. Hardy
2013,Gold Glove,ARI,Arizona Diamondbacks,NL,W,Paul Goldschmidt
2013,Gold Glove,CIN,Cincinnati Reds,NL,C,Brandon Phillips
2013,Gold Glove,COL,Colorado Rockies,NL,W,Nolan Arenado
2013,Gold Glove,SLN,St. Louis Cardinals,NL,C,Yadier Molina
2013,Gold Glove,MIL,Milwaukee Brewers,NL,C,Carlos Gomez
2013,Gold Glove,COL,Colorado Rockies,NL,W,Carlos Gonzalez
2013,Gold Glove,SLN,St. Louis Cardinals,NL,C,Adam Wainwright
2013,Gold Glove,ARI,Arizona Diamondbacks,NL,W,Gerardo Parra
2013,Gold Glove,ATL,Atlanta Braves,NL,E,Andrelton Simmons
2013,Most Valuable Player,DET,Detroit Tigers,AL,C,Miguel Cabrera
2013,Most Valuable Player,PIT,Pittsburgh Pirates,NL,C,Andrew McCutchen
2013,Rookie of the Year,TBA,Tampa Bay Rays,AL,E,Wil Myers
2013,Rookie of the Year,MIA,Miami Marlins,NL,E,Jose Fernandez
2013,Silver Slugger,BAL,Baltimore Orioles,AL,E,Chris Davis
2013,Silver Slugger,NYA,New York Yankees,AL,E,Robinson Cano
2013,Silver Slugger,DET,Detroit Tigers,AL,C,Miguel Cabrera
2013,Silver Slugger,MIN,Minnesota Twins,AL,C,Joe Mauer
2013,Silver Slugger,BOS,Boston Red Sox,AL,E,David Ortiz
2013,Silver Slugger,DET,Detroit Tigers,AL,C,Torii Hunter
2013,Silver Slugger,BAL,Baltimore Orioles,AL,E,Adam Jones
2013,Silver Slugger,LAA,Los Angeles Angels of Anaheim,AL,W,Mike Trout
2013,Silver Slugger,BAL,Baltimore Orioles,AL,E,J. J. Hardy
2013,Silver Slugger,ARI,Arizona Diamondbacks,NL,W,Paul Goldschmidt
2013,Silver Slugger,SLN,St. Louis Cardinals,NL,C,Matt Carpenter
2013,Silver Slugger,PIT,Pittsburgh Pirates,NL,C,Pedro Alvarez
2013,Silver Slugger,SLN,St. Louis Cardinals,NL,C,Yadier Molina
2013,Silver Slugger,CIN,Cincinnati Reds,NL,C,Jay Bruce
2013,Silver Slugger,COL,Colorado Rockies,NL,W,Michael Cuddyer
2013,Silver Slugger,PIT,Pittsburgh Pirates,NL,C,Andrew McCutchen
2013,Silver Slugger,LAN,Los Angeles Dodgers,NL,W,Zack Greinke
2013,Silver Slugger,WAS,Washington Nationals,NL,E,Ian Desmond
2014,Cy Young Award,CLE,Cleveland Indians,AL,C,Corey Kluber
2014,Cy Young Award,LAN,Los Angeles Dodgers,NL,W,Clayton Kershaw
2014,Gold Glove,KCA,Kansas City Royals,AL,C,Eric Hosmer
2014,Gold Glove,BOS,Boston Red Sox,AL,E,Dustin Pedroia
2014,Gold Glove,SEA,Seattle Mariners,AL,W,Kyle Seager
2014,Gold Glove,KCA,Kansas City Royals,AL,C,Salvador Perez
2014,Gold Glove,BAL,Baltimore Orioles,AL,E,Nick Markakis
2014,Gold Glove,KCA,Kansas City Royals,AL,C,Alex Gordon
2014,Gold Glove,HOU,Houston Astros,AL,W,Dallas Keuchel
2014,Gold Glove,BAL,Baltimore Orioles,AL,E,Adam Jones
2014,Gold Glove,BAL,Baltimore Orioles,AL,E,J. J. Hardy
2014,Gold Glove,LAN,Los Angeles Dodgers,NL,W,Adrian Gonzalez
2014,Gold Glove,COL,Colorado Rockies,NL,W,DJ LeMahieu
2014,Gold Glove,COL,Colorado Rockies,NL,W,Nolan Arenado
2014,Gold Glove,SLN,St. Louis Cardinals,NL,C,Yadier Molina
2014,Gold Glove,NYN,New York Mets,NL,E,Juan Lagares
2014,Gold Glove,MIA,Miami Marlins,NL,E,Christian Yelich
2014,Gold Glove,LAN,Los Angeles Dodgers,NL,W,Zack Greinke
2014,Gold Glove,ATL,Atlanta Braves,NL,E,Jason Heyward
2014,Gold Glove,ATL,Atlanta Braves,NL,E,Andrelton Simmons
2014,Most Valuable Player,LAA,Los Angeles Angels of Anaheim,AL,W,Mike Trout
2014,Most Valuable Player,LAN,Los Angeles Dodgers,NL,W,Clayton Kershaw
2014,Rookie of the Year,CHA,Chicago White Sox,AL,C,Jose Abreu
2014,Rookie of the Year,NYN,New York Mets,NL,E,Jacob deGrom
2014,Silver Slugger,CHA,Chicago White Sox,AL,C,Jose Abreu
2014,Silver Slugger,HOU,Houston Astros,AL,W,Jose Altuve
2014,Silver Slugger,TEX,Texas Rangers,AL,W,Adrian Beltre
2014,Silver Slugger,CLE,Cleveland Indians,AL,C,Yan Gomes
2014,Silver Slugger,DET,Detroit Tigers,AL,C,Victor Martinez
2014,Silver Slugger,LAA,Los Angeles Angels of Anaheim,AL,W,Mike Trout
2014,Silver Slugger,CLE,Cleveland Indians,AL,C,Michael Brantley
2014,Silver Slugger,TOR,Toronto Blue Jays,AL,E,Jose Bautista
2014,Silver Slugger,CHA,Chicago White Sox,AL,C,Alexei Ramirez
2014,Silver Slugger,LAN,Los Angeles Dodgers,NL,W,Adrian Gonzalez
2014,Silver Slugger,PIT,Pittsburgh Pirates,NL,C,Neil Walker
2014,Silver Slugger,WAS,Washington Nationals,NL,E,Anthony Rendon
2014,Silver Slugger,SFN,San Francisco Giants,NL,W,Buster Posey
2014,Silver Slugger,ATL,Atlanta Braves,NL,E,Justin Upton
2014,Silver Slugger,MIA,Miami Marlins,NL,E,Giancarlo Stanton
2014,Silver Slugger,PIT,Pittsburgh Pirates,NL,C,Andrew McCutchen
2014,Silver Slugger,SFN,San Francisco Giants,NL,W,Madison Bumgarner
2014,Silver Slugger,WAS,Washington Nationals,NL,E,Ian Desmond
2015,Cy Young Award,HOU,Houston Astros,AL,W,Dallas Keuchel
2015,Cy Young Award,CHN,Chicago Cubs,NL,C,Jake Arrieta
2015,Gold Glove,KCA,Kansas City Royals,AL,C,Eric Hosmer
2015,Gold Glove,HOU,Houston Astros,AL,W,Jose Altuve
2015,Gold Glove,BAL,Baltimore Orioles,AL,E,Manny Machado
2015,Gold Glove,KCA,Kansas City Royals,AL,C,Salvador Perez
2015,Gold Glove,TBA,Tampa Bay Rays,AL,E,Kevin Kiermaier
2015,Gold Glove,DET,Detroit Tigers,AL,C,Yoenis Cespedes
2015,Gold Glove,NYN,New York Mets,NL,E,Yoenis Cespedes
2015,Gold Glove,HOU,Houston Astros,AL,W,Dallas Keuchel
2015,Gold Glove,LAA,Los Angeles Angels of Anaheim,AL,W,Kole Calhoun
2015,Gold Glove,KCA,Kansas City Royals,AL,C,Alcides Escobar
2015,Gold Glove,ARI,Arizona Diamondbacks,NL,W,Paul Goldschmidt
2015,Gold Glove,MIA,Miami Marlins,NL,E,Dee Strange-Gordon
2015,Gold Glove,COL,Colorado Rockies,NL,W,Nolan Arenado
2015,Gold Glove,SLN,St. Louis Cardinals,NL,C,Yadier Molina
2015,Gold Glove,ARI,Arizona Diamondbacks,NL,W,AJ Pollock
2015,Gold Glove,PIT,Pittsburgh Pirates,NL,C,Starling Marte
2015,Gold Glove,LAN,Los Angeles Dodgers,NL,W,Zack Greinke
2015,Gold Glove,SLN,St. Louis Cardinals,NL,C,Jason Heyward
2015,Gold Glove,SFN,San Francisco Giants,NL,W,Brandon Crawford
2015,Most Valuable Player,TOR,Toronto Blue Jays,AL,E,Josh Donaldson
2015,Most Valuable Player,WAS,Washington Nationals,NL,E,Bryce Harper
2015,Rookie of the Year,HOU,Houston Astros,AL,W,Carlos Correa
2015,Rookie of the Year,CHN,Chicago Cubs,NL,C,Kris Bryant
2015,Silver Slugger,DET,Detroit Tigers,AL,C,Miguel Cabrera
2015,Silver Slugger,HOU,Houston Astros,AL,W,Jose Altuve
2015,Silver Slugger,TOR,Toronto Blue Jays,AL,E,Josh Donaldson
2015,Silver Slugger,NYA,New York Yankees,AL,E,Brian McCann
2015,Silver Slugger,KCA,Kansas City Royals,AL,C,Kendrys Morales
2015,Silver Slugger,LAA,Los Angeles Angels of Anaheim,AL,W,Mike Trout
2015,Silver Slugger,DET,Detroit Tigers,AL,C,J. D. Martinez
2015,Silver Slugger,SEA,Seattle Mariners,AL,W,Nelson Cruz
2015,Silver Slugger,BOS,Boston Red Sox,AL,E,Xander Bogaerts
2015,Silver Slugger,ARI,Arizona Diamondbacks,NL,W,Paul Goldschmidt
2015,Silver Slugger,MIA,Miami Marlins,NL,E,Dee Strange-Gordon
2015,Silver Slugger,COL,Colorado Rockies,NL,W,Nolan Arenado
2015,Silver Slugger,SFN,San Francisco Giants,NL,W,Buster Posey
2015,Silver Slugger,WAS,Washington Nationals,NL,E,Bryce Harper
2015,Silver Slugger,COL,Colorado Rockies,NL,W,Carlos Gonzalez
2015,Silver Slugger,PIT,Pittsburgh Pirates,NL,C,Andrew McCutchen
2015,Silver Slugger,SFN,San Francisco Giants,NL,W,Madison Bumgarner
2015,Silver Slugger,SFN,San Francisco Giants,NL,W,Brandon Crawford
2016,Silver Slugger,KCA,Kansas City Royals,AL,C,Salvador Perez
2016,Silver Slugger,DET,Detroit Tigers,AL,C,Miguel Cabrera
2016,Silver Slugger,HOU,Houston Astros,AL,W,Jose Altuve
2016,Silver Slugger,TOR,Toronto Blue Jays,AL,E,Josh Donaldson
2016,Silver Slugger,BOS,Boston Red Sox,AL,E,Xander Bogaerts
2016,Silver Slugger,BOS,Boston Red Sox,AL,E,Mookie Betts
2016,Silver Slugger,LAA,Los Angeles Angels of Anaheim,AL,W,Mike Trout
2016,Silver Slugger,BAL,Baltimore Orioles,AL,E,Mark Trumbo
2016,Silver Slugger,BOS,Boston Red Sox,AL,E,David Ortiz
2016,Silver Slugger,WAS,Washington Nationals,NL,E,Wilson Ramos
2016,Silver Slugger,CHN,Chicago Cubs,NL,C,Anthony Rizzo
2016,Silver Slugger,WAS,Washington Nationals,NL,E,Daniel Murphy
2016,Silver Slugger,COL,Colorado Rockies,NL,W,Nolan Arenado
2016,Silver Slugger,LAN,Los Angeles Dodgers,NL,W,Corey Seager
2016,Silver Slugger,COL,Colorado Rockies,NL,W,Charlie Blackmon
2016,Silver Slugger,NYN,New York Mets,NL,E,Yoenis Cespedes
2016,Silver Slugger,MIA,Miami Marlins,NL,E,Christian Yelich
2016,Silver Slugger,CHN,Chicago Cubs,NL,C,Jake Arrieta
2016,Gold Glove,KCA,Kansas City Royals,AL,C,Salvador Perez
2016,Gold Glove,TEX,Texas Rangers,AL,W,Mitch Moreland
2016,Gold Glove,DET,Detroit Tigers,AL,C,Ian Kinsler
2016,Gold Glove,TEX,Texas Rangers,AL,W,Adrian Beltre
2016,Gold Glove,CLE,Cleveland Indians,AL,C,Francisco Lindor
2016,Gold Glove,NYA,New York Yankees,AL,E,Brett Gardner
2016,Gold Glove,TBA,Tampa Bay Rays,AL,E,Kevin Kiermaier
2016,Gold Glove,BOS,Boston Red Sox,AL,E,Mookie Betts
2016,Gold Glove,HOU,Houston Astros,AL,W,Dallas Keuchel
2016,Gold Glove,SFN,San Francisco Giants,NL,W,Buster Posey
2016,Gold Glove,CHN,Chicago Cubs,NL,C,Anthony Rizzo
2016,Gold Glove,SFN,San Francisco Giants,NL,W,Joe Panik
2016,Gold Glove,COL,Colorado Rockies,NL,W,Nolan Arenado
2016,Gold Glove,SFN,San Francisco Giants,NL,W,Brandon Crawford
2016,Gold Glove,PIT,Pittsburgh Pirates,NL,C,Starling Marte
2016,Gold Glove,ATL,Atlanta Braves,NL,E,Ender Inciarte
2016,Gold Glove,CHN,Chicago Cubs,NL,C,Jason Heyward
2016,Gold Glove,ARI,Arizona Diamondbacks,NL,W,Zack Greinke
2016,Most Valuable Player,LAA,Los Angeles Angels of Anaheim,AL,W,Mike Trout
2016,Most Valuable Player,CHN,Chicago Cubs,NL,C,Kris Bryant
2016,Cy Young Award,BOS,Boston Red Sox,AL,E,Rick Porcello
2016,Cy Young Award,WAS,Washington Nationals,NL,E,Max Scherzer
2016,Rookie of the Year,DET,Detroit Tigers,AL,C,Michael Fulmer
2016,Rookie of the Year,LAN,Los Angeles Dodgers,NL,W,Corey Seager
2017,Most Valuable Player,HOU,Houston Astros,AL,W,Jose Altuve
2017,Most Valuable Player,MIA,Miami Marlins,NL,E,Giancarlo Stanton
2017,Cy Young Award,CLE,Cleveland Indians,AL,C,Corey Kluber
2017,Cy Young Award,WAS,Washington Nationals,NL,E,Max Scherzer
2017,Rookie of the Year,NYA,New York Yankees,AL,E,Aaron Judge
2017,Rookie of the Year,LAN,Los Angeles Dodgers,NL,W,Cody Bellinger
2017,Silver Slugger,NYA,New York Yankees,AL,E,Gary Sanchez
2017,Silver Slugger,KCA,Kansas City Royals,AL,C,Eric Hosmer
2017,Silver Slugger,HOU,Houston Astros,AL,W,Jose Altuve
2017,Silver Slugger,CLE,Cleveland Indians,AL,C,Jose Ramirez
2017,Silver Slugger,NYA,New York Yankees,AL,E,Aaron Judge
2017,Silver Slugger,HOU,Houston Astros,AL,W,George Springer
2017,Silver Slugger,DET,Detroit Tigers,AL,C,Justin Upton
2017,Silver Slugger,LAA,Los Angeles Angels of Anaheim,AL,W,Justin Upton
2017,Silver Slugger,SEA,Seattle Mariners,AL,W,Nelson Cruz
2017,Silver Slugger,SFN,San Francisco Giants,NL,W,Buster Posey
2017,Silver Slugger,ARI,Arizona Diamondbacks,NL,W,Paul Goldschmidt
2017,Silver Slugger,WAS,Washington Nationals,NL,E,Daniel Murphy
2017,Silver Slugger,COL,Colorado Rockies,NL,W,Nolan Arenado
2017,Silver Slugger,LAN,Los Angeles Dodgers,NL,W,Corey Seager
2017,Silver Slugger,MIA,Miami Marlins,NL,E,Giancarlo Stanton
2017,Silver Slugger,MIA,Miami Marlins,NL,E,Marcell Ozuna
2017,Silver Slugger,COL,Colorado Rockies,NL,W,Charlie Blackmon
2017,Silver Slugger,SLN,St. Louis Cardinals,NL,C,Adam Wainwright
2017,Gold Glove,LAA,Los Angeles Angels of Anaheim,AL,W,Martin Maldonado
2017,Gold Glove,KCA,Kansas City Royals,AL,C,Eric Hosmer
2017,Gold Glove,MIN,Minnesota Twins,AL,C,Brian Dozier
2017,Gold Glove,TBA,Tampa Bay Rays,AL,E,Evan Longoria
2017,Gold Glove,LAA,Los Angeles Angels of Anaheim,AL,W,Andrelton Simmons
2017,Gold Glove,KCA,Kansas City Royals,AL,C,Alex Gordon
2017,Gold Glove,MIN,Minnesota Twins,AL,C,Byron Buxton
2017,Gold Glove,BOS,Boston Red Sox,AL,E,Mookie Betts
2017,Gold Glove,TOR,Toronto Blue Jays,AL,E,Marcus Stroman
2017,Gold Glove,CIN,Cincinnati Reds,NL,C,Tucker Barnhart
2017,Gold Glove,ARI,Arizona Diamondbacks,NL,W,Paul Goldschmidt
2017,Gold Glove,COL,Colorado Rockies,NL,W,DJ LeMahieu
2017,Gold Glove,COL,Colorado Rockies,NL,W,Nolan Arenado
2017,Gold Glove,SFN,San Francisco Giants,NL,W,Brandon Crawford